"Incident Date",State,"City Or County",Address,"# Killed","# Injured",Operations
"November 24, 2017",Texas,Bulverde,N/A,1,0,N/A
"November 24, 2017","North Carolina",Apex,"2000 Block of Walden Glade Run",1,0,N/A
"November 24, 2017",Illinois,Delavan,"22000 Armington Rd",1,0,N/A
"November 23, 2017",Kentucky,Irvington,"JE Haynes Road",1,0,N/A
"November 22, 2017","New York",Sherman,"2998 Armenian Rd",1,0,N/A
"November 21, 2017",Louisiana,Moreauville,"10363 Bayou des Glaises St",1,0,N/A
"November 20, 2017","West Virginia","New Martinsville",N/A,1,0,N/A
"November 19, 2017",Indiana,Elizabeth,N/A,1,0,N/A
"November 19, 2017",Ohio,Republic,"8782 E TR 8",1,0,N/A
"November 18, 2017",Ohio,"West Chester","8600 block of Meadowview Dr",1,0,N/A
"November 17, 2017",Oregon,Roseburg,"300 block of Temple Brown Rd",1,0,N/A
"November 16, 2017",Colorado,Saguache,"CO 788",1,0,N/A
"November 13, 2017",Alabama,Adger,"Valley Ford Rd and Buford Rd",1,0,N/A
"November 13, 2017","North Carolina",Lillington,"2091 N.C. Highway 27",1,0,N/A
"November 12, 2017",Tennessee,Dresden,"Evergreen Street",1,0,N/A
"November 11, 2017",Minnesota,Aurora,"5800 block of Stepetz Road 53",1,0,N/A
"November 10, 2017",Tennessee,Memphis,"3527 S Mendenhall Rd",1,0,N/A
"November 9, 2017",Tennessee,Nashville,"2000 block of South Lyle Lane",1,0,N/A
"November 9, 2017",Pennsylvania,Philadelphia,"200 block of W Godfrey",1,0,N/A
"November 8, 2017",Texas,Kountze,"2600 block of FM 418",1,0,N/A
"November 5, 2017",Louisiana,"Allen (county)",N/A,1,0,N/A
"November 4, 2017","New Hampshire","Exeter (Brentwood)","Pine Rd",1,0,N/A
"November 2, 2017",Nevada,Henderson,"900 block of Seven Hills Dr",1,0,N/A
"November 2, 2017",Connecticut,Wethersfield,"26-28 Alison Ln",1,0,N/A
"November 2, 2017",Virginia,Williamsburg,"1700 block of Skiffes Creek Circle",1,0,N/A
"November 2, 2017",Louisiana,Arnaudville,"1000 block of Kennedy Drive",1,0,N/A
"November 2, 2017",Louisiana,Plaquemine,"Marshall St and Bubba St",1,0,N/A
"October 31, 2017",Mississippi,Columbus,"Poplar St",1,0,N/A
"October 31, 2017",Georgia,Atlanta,"300 Block of Fairburn Rd",1,0,N/A
"October 30, 2017",Maryland,"Glenn Dale","10400 Good Luck Rd",1,0,N/A
"October 29, 2017",Oklahoma,Lawton,"2100 block of NW Lincoln",1,0,N/A
"October 29, 2017",Illinois,Chicago,"6600 S Marquette Rd",1,0,N/A
"October 29, 2017",Indiana,Indianapolis,"8000 Wildwood Farms Dr",1,0,N/A
"October 29, 2017","New York","New York (Manhattan)","111 Wadsworth Ave",1,1,N/A
"October 28, 2017",Illinois,Chicago,"4800 W Hutchinson St",1,0,N/A
"October 28, 2017",Texas,"Fort Worth","5400 block of Wilson Rd",1,0,N/A
"October 28, 2017",Maine,Hebron,"490 Greenwood Mountain Rd",1,0,N/A
"October 26, 2017",Georgia,"Forest Park","Boca Grande Boulevard",1,0,N/A
"October 26, 2017",Arkansas,Altheimer,"700 block of Short Front St",1,0,N/A
"October 23, 2017","New York",Greig,"7899 Woodcook Dr",1,0,N/A
"October 23, 2017",Alabama,"Cullman (county)",N/A,1,0,N/A
"October 21, 2017",Pennsylvania,Bangor,"10124A Upper Little Creek Rd",1,0,N/A
"October 21, 2017",Oklahoma,Tulsa,"2600 block of 28th St",1,0,N/A
"October 20, 2017",Oregon,Sherwood,"19200 block of SW Cipole Rd",1,0,N/A
"October 20, 2017",Kentucky,Georgetown,"200 Block of North Court Street",1,0,N/A
"October 19, 2017",Kentucky,Nicholasville,N/A,1,0,N/A
"October 19, 2017",Kentucky,Covington,"E 6th St",1,0,N/A
"October 18, 2017",Indiana,Muncie,"420 E McGalliard Rd",1,0,N/A
"October 17, 2017","South Carolina",Warrenville,"Beckham Rd",1,0,N/A
"October 14, 2017",Washington,Kelso,"1500 block of Carroll Rd",1,0,N/A
"October 11, 2017",Oklahoma,"Oklahoma City","1505 Kinkaid Dr",1,0,N/A
"October 11, 2017",Kentucky,Somerset,KY-1003,1,0,N/A
"October 9, 2017","South Carolina","West Columbia","200 block of Hunters Mill Dr",1,0,N/A
"October 9, 2017",Tennessee,Clarksville,"160 State Line Rd",1,0,N/A
"October 9, 2017",Michigan,Detroit,"Goodwin St and Caniff St",1,0,N/A
"October 8, 2017","North Carolina","Elizabeth City","S Desert Rd",1,0,N/A
"October 7, 2017",Missouri,"Saint Louis (University City)","6600 block of Bartmer Ave",1,0,N/A
"October 7, 2017",Kentucky,Hopkinsville,"Beaumont Ct",1,0,N/A
"October 7, 2017",Tennessee,Nashville,"N 7th St",1,0,N/A
"October 7, 2017",Utah,Santaquin,N/A,1,0,N/A
"October 6, 2017",Arkansas,Helena,"300 block of Dinan St",1,0,N/A
"October 6, 2017",Oklahoma,Wynnewood,"25803 N CR 3250",1,0,N/A
"October 5, 2017",Nebraska,Omaha,"183rd St and Emiline St",1,0,N/A
"October 3, 2017",Texas,Dallas,"Whitehurst Dr and Skillman St",1,0,N/A
"October 3, 2017",Pennsylvania,Berwick,"W 2nd St",1,0,N/A
"October 3, 2017",Florida,Orlando,"222 Neighborhood Market Rd",1,0,N/A
"October 2, 2017",Mississippi,Falkner,N/A,1,0,N/A
"October 1, 2017",Georgia,Augusta,"2300 Block of Barton Chapel Rd",1,0,N/A
"October 1, 2017",Indiana,Indianapolis,"1800 block of N Routiers Ave",1,0,N/A
"October 1, 2017","South Carolina",Bowman,N/A,1,0,N/A
"September 30, 2017",Florida,"Port Charlotte","Dorchester St",1,0,N/A
"September 30, 2017",Mississippi,"Horn Lake","Longwood Cove",1,1,N/A
"September 30, 2017",Texas,"Cleveland (Plum Grove)","CR 3560",1,0,N/A
"September 30, 2017",Georgia,Augusta,"2400 Block of Amsterdam Dr",1,0,N/A
"September 28, 2017",Texas,Tornillo,"19000 block of Highland",1,0,N/A
"September 28, 2017",Ohio,"Cleveland (Parma)","6600 block of Brownfield Dr",1,0,N/A
"September 26, 2017",Texas,Garland,"3700 block of Burning Tree Ln",1,0,N/A
"September 24, 2017","New York",Yonkers,"201 Warburton Ave",1,0,N/A
"September 23, 2017",Missouri,"Saint Louis","5400 block of Arlington Ave",1,0,N/A
"September 23, 2017",Missouri,Salem,"CR 621",1,0,N/A
"September 22, 2017",Kansas,Lawrence,"606 N Michigan St",1,0,N/A
"September 22, 2017",Kentucky,Franklin,"303 Pepper St",1,0,N/A
"September 21, 2017",Colorado,"Grand Junction","2100 block of N 17th Cir",1,0,N/A
"September 19, 2017",Texas,Manvel,"5000 block of CR 48",1,0,N/A
"September 17, 2017",Ohio,Fremont,"300 block of Jackson St",1,0,N/A
"September 15, 2017","South Carolina",Hartsville,"Folly Rd",1,0,N/A
"September 14, 2017",Florida,Jacksonville,"4600 block of Ricker Road",1,0,N/A
"September 14, 2017",Missouri,Pineville,"Good Life Cir and Brush Creek Rd",1,0,N/A
"September 14, 2017",Florida,Tampa,N/A,1,0,N/A
"September 13, 2017","South Carolina",Starr,"Gentry Rd",1,0,N/A
"September 13, 2017",Oklahoma,Tulsa,"W 4th St and S 33rd W Ave",1,0,N/A
"September 12, 2017",California,Oakland,"7100 block of International Blvd",1,0,N/A
"September 11, 2017",Tennessee,Clarksville,"1768 Madison Street",1,0,N/A
"September 10, 2017",Ohio,Madison,"3800 block of Wade Rd",1,0,N/A
"September 9, 2017",Mississippi,"De Kalb","Bealman Road",1,0,N/A
"September 8, 2017",Alaska,Manokotak,N/A,1,0,N/A
"September 6, 2017","South Carolina",Columbia,"2400 block of Truax Ln",2,0,N/A
"September 3, 2017",Mississippi,"Horn Lake","Carroll Cove West",1,0,N/A
"September 2, 2017",Indiana,Hammond,"7200 block of Osborn Ave",2,0,N/A
"September 2, 2017",Texas,"Haltom City","3500 block of Parker Rd E",1,0,N/A
"September 2, 2017",Tennessee,Springfield,"10th Ave",1,0,N/A
"August 31, 2017",Nevada,"Las Vegas","6800 block of Fallona Ave",1,0,N/A
"August 30, 2017",Mississippi,Cleveland,"1700 block of South Chrisman Avenue",1,0,N/A
"August 28, 2017",Maine,Scarborough,"17 Milliken St",1,0,N/A
"August 28, 2017",Florida,"Pinellas Park","6500 87th Ave N",1,0,N/A
"August 28, 2017",Texas,Scurry,"9500 block of Timber Trail",1,0,N/A
"August 27, 2017",Georgia,Marietta,"790 Wilson Circle",1,0,N/A
"August 24, 2017",Pennsylvania,"East Stroudsburg","126 E Barnum St",1,0,N/A
"August 23, 2017",Colorado,"Colorado Springs (Fort Carson)","6001 Wetzel Ave",1,0,N/A
"August 22, 2017",Louisiana,"Baton Rouge","10900 block of Florida Blvd",1,0,N/A
"August 21, 2017","New York",Syracuse,"107 Hartson St",1,0,N/A
"August 20, 2017",Missouri,"Saint Joseph","2600 Mary St",1,0,N/A
"August 20, 2017",Tennessee,Memphis,"1000 block of Parkland Road",1,0,N/A
"August 19, 2017",Tennessee,Memphis,"1400 block of Hickory Way",1,0,N/A
"August 19, 2017",Tennessee,Clarksville,"1219 Shorehaven Dr",2,0,N/A
"August 17, 2017","North Carolina","Winston Salem (Winston-salem)","4365 Wakeman Dr",1,0,N/A
"August 16, 2017",Alaska,Togiak,N/A,1,0,N/A
"August 15, 2017",Arizona,"Queen Creek",N/A,1,0,N/A
"August 15, 2017",Washington,Spokane,"N Washington St and Spokane Falls Blvd",1,0,N/A
"August 14, 2017",Kentucky,Covington,"1840 Holman Ave",1,0,N/A
"August 14, 2017",Alabama,Birmingham,"4100 Messer Airport Hwy",1,0,N/A
"August 13, 2017",Indiana,Monticello,"8148 NW Shafer Dr",1,0,N/A
"August 12, 2017",Missouri,Festus,"1900 block of Iditarod Trail",1,0,N/A
"August 9, 2017",Oklahoma,Tulsa,"5000 block of S Hudson",1,0,N/A
"August 9, 2017",Pennsylvania,"West Mifflin","108 Dover Ln",1,0,N/A
"August 8, 2017",Wisconsin,Loganville,"Highway 23",1,0,N/A
"August 7, 2017",Texas,"Wichita Falls","1509 Trigg Ln",1,0,N/A
"August 6, 2017",Missouri,"Kansas City","9600 block of Lydia Avenue",1,0,N/A
"August 5, 2017",Indiana,"Crown Point","7700 block of East 120th Avenue",1,0,N/A
"August 4, 2017",Tennessee,Nashville,"100 block of Donald St",1,0,N/A
"August 4, 2017",Texas,"San Antonio","6200 block of Big Valley Dr",1,0,N/A
"August 4, 2017",Mississippi,Gulfport,"3600 block of Sabine Street",1,0,N/A
"August 2, 2017","New York","Glen Cove","Williams St",1,0,N/A
"August 1, 2017",Nevada,"Las Vegas","9500 block of Chandler Springs Ave",1,0,N/A
"August 1, 2017",Montana,Helena,"246 Hope Road",1,0,N/A
"July 31, 2017",Illinois,Springfield,"6300 block of Cherylwood Dr",1,0,N/A
"July 31, 2017",Kentucky,Louisville,"6509 Huff Lane",1,0,N/A
"July 31, 2017","South Carolina",Lancaster,"509 E Dunlap St",1,0,N/A
"July 30, 2017",Texas,Bacliff,"4700 block of 6th St",1,0,N/A
"July 30, 2017",Florida,Sarasota,"2000 block of Arlington St",1,0,N/A
"July 30, 2017",Florida,Tampa,"1020 E Hannah Ave",1,0,N/A
"July 30, 2017",Maine,Baldwin,"Burnell Rd",1,0,N/A
"July 29, 2017",Florida,"Saint Augustine","4600 block of FL 16",1,0,N/A
"July 29, 2017","South Dakota","Sioux Falls","4404 S Louise Ave",1,0,N/A
"July 29, 2017","South Carolina",Columbia,"8720 Windsor Lake Blvd",1,0,N/A
"July 29, 2017",Missouri,Miller,N/A,1,0,N/A
"July 26, 2017",Wisconsin,Waupaca,"E410 Rieben Rd",1,0,N/A
"July 26, 2017",California,Oakland,"2300 block of Fruitvale Ave",1,0,N/A
"July 24, 2017",Ohio,Newark,"N 21st and Log Pond",1,1,N/A
"July 24, 2017",Ohio,Cincinnati,"900 block of McPherson Ave",1,0,N/A
"July 23, 2017",Missouri,"Saint Louis","1400 block of Kealty Ln",1,0,N/A
"July 23, 2017",Ohio,Miamisburg,"155 Prestige Pl",1,0,N/A
"July 22, 2017",Pennsylvania,Pittsburgh,"5100 block of Lougean Ave",1,0,N/A
"July 22, 2017",Maryland,Jessup,"8900 Block of Good Harvest Rd",1,0,N/A
"July 22, 2017",Tennessee,Memphis,"1541 Northside Dr",1,0,N/A
"July 22, 2017","South Carolina",Columbia,"8720 Windsor Lake Blvd",1,0,N/A
"July 21, 2017",Mississippi,Starkville,"100 block of Maxwell St",1,0,N/A
"July 20, 2017",Texas,"Humble (Atascocita)","19900 block of River Brook Dr",1,0,N/A
"July 19, 2017",Texas,"San Angelo","1800 block of Edmund Blvd",1,0,N/A
"July 19, 2017",Georgia,Athens,"Hollow Ridge Drive",1,0,N/A
"July 18, 2017",Arizona,Mesa,"600 block of E Kino Dr",1,0,N/A
"July 17, 2017",Idaho,Troy,"Nora Creek Rd",1,0,N/A
"July 14, 2017",Louisiana,"New Orleans","6200 block of Cameron St",1,0,N/A
"July 14, 2017",Louisiana,"Westwego (Bridge City)","9200 block of E Claiborne Pkwy",1,0,N/A
"July 14, 2017",Illinois,"Chicago (Englewood)","6100 block of S Winchester Ave",1,0,N/A
"July 13, 2017",Illinois,Chicago,"6100 block of S Winchester",1,0,N/A
"July 13, 2017",Mississippi,Columbus,"Florence St",1,0,N/A
"July 12, 2017",Wisconsin,Racine,"1800 block of Howe St",1,0,N/A
"July 12, 2017","New York",Gowanda,"Bagdad Rd",1,0,N/A
"July 8, 2017",Tennessee,Greeneville,"573 Warrensburg Road",1,0,N/A
"July 8, 2017",Illinois,"Des Plaines","9900 block of Linda Ln",1,0,N/A
"July 6, 2017","West Virginia",Princeton,"Low Gap Rd",1,0,N/A
"July 6, 2017",Louisiana,Harvey,"2400 block of Alex Kornman Blvd",1,0,N/A
"July 5, 2017",Florida,"Palm Beach (county)","US 27",1,0,N/A
"July 5, 2017",Washington,"Federal Way","2400 block of South Star Lake Rd",1,0,N/A
"July 5, 2017",Florida,"Merritt Island","1000 block of Loring St",1,0,N/A
"July 4, 2017",Texas,"San Antonio","3134 Mission Gate",1,0,N/A
"July 4, 2017",Mississippi,Louisville,"4000 block of Highpoint Weir Road",1,0,N/A
"July 4, 2017",Florida,Wildwood,"935 CR 229",1,0,N/A
"July 4, 2017",Georgia,Atlanta,"2591 Etheridge Dr NW",1,0,N/A
"July 1, 2017",Indiana,Hammond,"7300 block of Harrison Avenue",1,0,N/A
"July 1, 2017",Mississippi,Jackson,"3720 Cromwell Street",1,0,N/A
"July 1, 2017",Oregon,"Blue River",NF-15,1,0,N/A
"July 1, 2017",Georgia,Cordele,"Culpepper Rd",1,0,N/A
"July 1, 2017",Colorado,Sedalia,"Elk Canyon Ct and Elk Canyon Cir",1,0,N/A
"June 30, 2017",Georgia,"Jenkins (county)",N/A,1,0,N/A
"June 29, 2017",Arizona,Phoenix,"4302 W Indian School Rd",1,0,N/A
"June 29, 2017",Mississippi,Pascagoula,"2214 Catalpa Ave",1,0,N/A
"June 26, 2017",Indiana,Indianapolis,"7100 block of Warrior Trail",1,0,N/A
"June 26, 2017",Alabama,Montgomery,"1714 Coral Ln",1,1,N/A
"June 26, 2017",Minnesota,Halstad,"549 US Highway 75",1,0,N/A
"June 25, 2017",Arkansas,"El Dorado",N/A,1,0,N/A
"June 24, 2017","South Carolina",Greenville,"1509 Grove Rd",1,0,N/A
"June 24, 2017",Pennsylvania,"Red Lion","2500 block of Myers School Rd",1,0,N/A
"June 24, 2017",Missouri,"Saint Louis","10000 block of Toelle Ln",1,0,N/A
"June 24, 2017",Tennessee,Nashville,"Hurst Dr",1,1,N/A
"June 22, 2017",Florida,Bradenton,"300 block of 12th Ave W",1,0,N/A
"June 21, 2017",Tennessee,Memphis,"4800 block of Rickard Rd",1,0,N/A
"June 20, 2017",Michigan,Clinton,"24204 Lotus Drive",1,0,N/A
"June 20, 2017",Arkansas,Danville,"Belleville Ridge Road",1,0,N/A
"June 19, 2017",Ohio,Barberton,"Pasadena Pl",1,0,N/A
"June 19, 2017",Georgia,Macon,"152 Bradstone Circle",1,0,N/A
"June 18, 2017",Pennsylvania,Saylorsburg,"500 block of Ash Lane",1,0,N/A
"June 17, 2017",Oklahoma,Tulsa,"5400 block of North Hartford",1,2,N/A
"June 16, 2017",Texas,"San Antonio","300 block of Langton",1,0,N/A
"June 16, 2017",Georgia,Dallas,"Double Branches Lane",1,0,N/A
"June 16, 2017","South Carolina",Spartanburg,"Whitener Avenue",1,0,N/A
"June 14, 2017",Oklahoma,Tulsa,"1000 Block of E 51st Pl N",1,0,N/A
"June 14, 2017",Florida,"Palm Bay","Willard Rd",1,0,N/A
"June 12, 2017",Texas,Dayton,"CR 2342",1,0,N/A
"June 11, 2017",Alabama,Montgomery,"3300 block of Fountain Lane",1,0,N/A
"June 11, 2017",Georgia,Columbus,"Warm Springs Rd",1,0,N/A
"June 11, 2017",Pennsylvania,Washington,"2151 N Main St",1,0,N/A
"June 10, 2017",Indiana,Hobart,"100 block of East 10th Avenue",1,0,N/A
"June 10, 2017","South Dakota","Tripp (county)",N/A,1,0,N/A
"June 10, 2017",California,Pacifica,"700 block of Big Bend Drive",1,0,N/A
"June 8, 2017",California,Antioch,"4300 Block of Palomar Dr",1,0,N/A
"June 8, 2017",Louisiana,"Farmerville (Rocky Branch)",N/A,1,0,N/A
"June 8, 2017",Florida,"Cape Coral","4717 SW 13th Ave",1,1,N/A
"June 8, 2017",Mississippi,Monticello,"88 Mt Olive Rd",1,0,N/A
"June 7, 2017",Virginia,Chesterfield,"Welch Dr and Old Creek Rd",1,0,N/A
"June 7, 2017",Arkansas,Conway,"1952 Bruce Street",1,0,N/A
"June 7, 2017",Florida,"Fort Lauderdale (Lauderhill)","4100 block of NW 21st St",1,0,N/A
"June 6, 2017",Tennessee,Nashville,"766 Lewis Street",1,0,N/A
"June 5, 2017",Illinois,Joliet,"300 block of North Broadway St",1,0,N/A
"June 4, 2017",Missouri,"Saint Louis","200 block of Bates St",1,0,N/A
"June 4, 2017","South Carolina",Anderson,N/A,1,0,N/A
"June 3, 2017",Louisiana,Opelousas,"600 Block of East St",1,0,N/A
"June 3, 2017",Pennsylvania,Chester,"2902 Bethel Road",1,0,N/A
"June 2, 2017",Colorado,Lafayette,"200 W Baseline Road",1,0,N/A
"June 1, 2017",Missouri,"Saint Louis","2500 block of Hodiamont Ave",1,0,N/A
"June 1, 2017",Missouri,"Saint Louis","1500 block of Cochran Pl",1,0,N/A
"June 1, 2017",Texas,Houston,"13800 block of Northlake Dr",1,0,N/A
"June 1, 2017",Tennessee,Arlington,"12000 block of S Fork",1,0,N/A
"May 31, 2017",Kansas,Topeka,"715 SW 16th Ave",1,0,N/A
"May 30, 2017",Oklahoma,Chickasha,"1214 W Chickasha Ave",1,0,N/A
"May 27, 2017",Texas,Jefferson,"SR 134",1,1,N/A
"May 26, 2017",Arkansas,"West Helena","257 N Baringo St",1,0,N/A
"May 26, 2017",Louisiana,"New Orleans","3400 block of Esplanade Avenue",1,0,N/A
"May 24, 2017",Illinois,Springfield,"200 block of East Scarritt Street",1,0,N/A
"May 24, 2017","South Carolina",Sumter,"Miller Road",1,0,N/A
"May 21, 2017",Wisconsin,Ontario,"Pisgah Road",1,0,N/A
"May 21, 2017",Virginia,Norfolk,"1300 block of Lead Street",1,0,N/A
"May 21, 2017",Wisconsin,Appleton,"535 W. College Ave",1,1,N/A
"May 20, 2017",Connecticut,Waterbury,N/A,1,0,N/A
"May 20, 2017",Kentucky,Campbellsville,"Busy Baker Road",1,0,N/A
"May 20, 2017",Illinois,"Des Plaines","2106 David Drive",1,0,N/A
"May 18, 2017",Arkansas,Gillett,"Neals Ln",1,0,N/A
"May 15, 2017",Virginia,"Locust Grove","10438 Cecelia Lane",1,0,N/A
"May 15, 2017",Virginia,"Locust Grove","Mine Run Rd",1,0,N/A
"May 13, 2017",Tennessee,Memphis,"Covington Pike",1,0,N/A
"May 12, 2017",Texas,"Big Spring","1601 W 11th Place",1,0,N/A
"May 12, 2017","South Carolina",Starr,"500 block of  Agnew Road",1,0,N/A
"May 11, 2017",Indiana,"East Chicago","3500 block of Guthrie Street",1,0,N/A
"May 10, 2017",Georgia,Winder,"2500 block of Avalon Cir",1,0,N/A
"May 10, 2017",Arizona,Tucson,"3700 block of E 5th St",1,0,N/A
"May 8, 2017",Louisiana,Eunice,"E Dean St",1,0,N/A
"May 7, 2017",Washington,Yakima,"S 3rd St and Arlington St",1,0,N/A
"May 7, 2017",Montana,Shepherd,"362 Crooked Creek Rd",1,0,N/A
"May 6, 2017",Ohio,Columbus,"6302 Busch Blvd",1,0,N/A
"May 5, 2017",Louisiana,"Baton Rouge","11320 Greenwell Springs Rd",1,0,N/A
"May 3, 2017",Minnesota,Goodridge,N/A,1,0,N/A
"May 2, 2017",Washington,Spanaway,"1700 block of 211th St Ct E",1,0,N/A
"May 2, 2017",Connecticut,Bridgeport,"Read Street and Beatrice Street",1,0,N/A
"May 1, 2017",Michigan,Muskegon,"1751 Evanston Ave",1,0,N/A
"April 30, 2017",Virginia,Henrico,"1600 block of Henrico Arms Place",1,0,N/A
"April 30, 2017",Alabama,Leeds,"4100 block of Oak Trail Way",1,0,N/A
"April 30, 2017",Florida,Jacksonville,"Willow Branch Avenue",1,0,N/A
"April 29, 2017",Virginia,Chesapeake,"1200 block of Seaboard Avenue",1,0,N/A
"April 25, 2017",Indiana,"Fort Wayne","4033 Robinwood Dr",1,0,N/A
"April 25, 2017",Pennsylvania,Mckeesport,"1300 Block of Ridge St",1,0,N/A
"April 25, 2017",Florida,"Homestead (Florida City)","421 NW 167th St",1,0,N/A
"April 23, 2017","South Dakota","Pennington (county)","W Hwy 44 and Hwy 385",1,0,N/A
"April 23, 2017",Mississippi,Vicksburg,"2004 Ford St",1,0,N/A
"April 21, 2017",Ohio,Akron,"600 block of Fulmer Ave",1,0,N/A
"April 21, 2017",Florida,"West Palm Beach","704 S. Military Trail",1,0,N/A
"April 21, 2017",Georgia,Dalton,"1502 E Morris St",1,0,N/A
"April 19, 2017",Texas,Freeport,"1200 W 8th St",1,0,N/A
"April 17, 2017",Alabama,"Rainbow City","3030 Rainbow Dr",1,0,N/A
"April 15, 2017","North Dakota",Bismarck,"500 block of Assiniboin Dr",1,0,N/A
"April 14, 2017",Alabama,Selma,"County Road 67 and County Road 145",1,0,N/A
"April 13, 2017",Texas,Katy,"21323 Finbury Oaks Lane",1,0,N/A
"April 13, 2017",Alabama,"Hazel Green","100 block of Atwilder Dr",1,0,N/A
"April 13, 2017","New Mexico",Grants,"Lobo Canyon Rd",1,0,N/A
"April 12, 2017",California,Oakland,"800 block of E 18th St",1,0,N/A
"April 10, 2017",Florida,Orlando,"Ziegler Rd",1,0,N/A
"April 10, 2017",Georgia,"Forest Park","5539 Pineridge Ct",1,0,N/A
"April 10, 2017",Texas,"Fort Worth","4800 block of Madyson Ridge Dr",1,0,N/A
"April 9, 2017",Indiana,Indianapolis,"2300 block of Raceway Rd",1,0,N/A
"April 9, 2017",Tennessee,Chattanooga,"2516 E 21st St",1,0,N/A
"April 8, 2017",Texas,Arlington,"1700 block of Aberdeen Dr",1,0,N/A
"April 8, 2017",Pennsylvania,Macungie,"3900 block of Orchard Drive",1,0,N/A
"April 7, 2017",Illinois,Pekin,"1800 block of Victoria Dr",0,0,N/A
"April 4, 2017",Kansas,Wichita,"9700 block of Westlawn",1,0,N/A
"April 4, 2017",Indiana,Bluffton,"503 W. Wiley St",1,0,N/A
"April 2, 2017",Nebraska,Omaha,"2701 Camden Ave",1,0,N/A
"April 2, 2017",Texas,"Corpus Christi","1000 block of Vaky Street",1,0,N/A
"April 1, 2017",Virginia,Richmond,"Jahnke Rd",1,0,N/A
"March 30, 2017",Texas,"San Antonio","7400 block of Clint Ln",1,0,N/A
"March 30, 2017",Florida,Fountain,"Sandy Mountain Church Rd",1,0,N/A
"March 30, 2017",Wisconsin,Cadott,"9864 Boulevard Rd",1,0,N/A
"March 29, 2017",Georgia,Duluth,"Hailston Drive",1,0,N/A
"March 27, 2017",California,Victorville,"Sunny Vista and Olivine road",1,0,N/A
"March 27, 2017",Florida,Orlando,"Kitty Hawk Ave",1,0,N/A
"March 26, 2017",Oklahoma,Ochelata,"North 3950 Road",1,0,N/A
"March 25, 2017","North Carolina","High Point","1301 Filbert Place",1,0,N/A
"March 25, 2017",Illinois,Galesburg,"1100 block of Bateman Street",1,0,N/A
"March 24, 2017",Ohio,Louisville,"6550 Columbus Road NE",1,0,N/A
"March 23, 2017",Texas,Whitney,"200 block of FM 1534",1,0,N/A
"March 23, 2017",Oregon,"Eagle Point","Heppsie Mountain Road",1,0,N/A
"March 23, 2017",Michigan,"Iron Mountain",N/A,1,0,N/A
"March 23, 2017",Texas,Killeen,"800 block of Green Ave",1,0,N/A
"March 22, 2017",Texas,Houston,"4002 Corder St",2,0,N/A
"March 22, 2017",Indiana,Gary,"2600 block of Tyler Street",1,0,N/A
"March 22, 2017",Texas,"El Paso","400 Block of Hardy Circle",1,0,N/A
"March 21, 2017",Ohio,Dayton,"2138 Claggett Drive",1,0,N/A
"March 21, 2017",Kentucky,"Mount Olivet","4214 Pinhook Road",1,0,N/A
"March 20, 2017",Michigan,"Grand Rapids","800 Block of Kalamazoo Ave SE",1,0,N/A
"March 20, 2017",Arizona,Phoenix,"3428 W Rosewood Ave",1,0,N/A
"March 19, 2017","South Dakota","Charles Mix (county)",N/A,1,0,N/A
"March 19, 2017","New York",Rochester,"Orange Street",1,0,N/A
"March 18, 2017",Michigan,Pontiac,"100 block of Wall St",1,0,N/A
"March 18, 2017","New Jersey",Newark,"878 S 19th St",1,0,N/A
"March 17, 2017",Tennessee,Memphis,"2500 block of Hanwood",1,0,N/A
"March 16, 2017",Virginia,Hampton,"Regal Way",1,0,N/A
"March 16, 2017",Indiana,"South Bend","800 block of Bendix",2,0,N/A
"March 14, 2017",Missouri,"Saint Louis","3300 block of Michigan Ave",1,0,N/A
"March 13, 2017",Illinois,"Lake Villa","West Monaville Road and West Old Monaville Road",1,0,N/A
"March 13, 2017",Texas,Orange,"1500 block of Main Ave",1,0,N/A
"March 13, 2017",Louisiana,"Baton Rouge","4747 Southpark Drive",1,0,N/A
"March 12, 2017",Pennsylvania,"Pittsburgh (Mount Washington)","714 Southern Ave",1,0,N/A
"March 10, 2017",Texas,Spring,"21300 block of Greenham Dr.",1,0,N/A
"March 10, 2017",Washington,Seattle,"10200 block of 23rd Court Southwest",1,0,N/A
"March 9, 2017",Georgia,"Warner Robins","506 S 3rd Street",1,0,N/A
"March 7, 2017",Arkansas,Hope,"402 E 3rd St",1,0,N/A
"March 6, 2017",Kentucky,"Dry Ridge","Kelly Drive",1,0,N/A
"March 5, 2017",Mississippi,Woodland,"County Road 269",1,0,N/A
"March 4, 2017",Missouri,Otterville,"6249 Kaiser Rd",1,0,N/A
"March 2, 2017",Missouri,Joplin,"2400 Block of  South Pennsylvania",1,0,N/A
"March 1, 2017",Pennsylvania,Tionesta,"Lake Lucy Road",1,0,N/A
"February 27, 2017",Arkansas,Beebe,"South Cypress Street",1,0,N/A
"February 27, 2017",Colorado,Pueblo,"4103 N Elizabeth St",1,0,N/A
"February 26, 2017",Tennessee,Clifton,"2373 Culps Bend Road",1,0,N/A
"February 25, 2017",Georgia,Grovetown,"Coventry Avenue",1,0,N/A
"February 25, 2017",Minnesota,Sebeka,N/A,1,0,N/A
"February 23, 2017",Louisiana,"Lake Charles","1700 block of Rena St",1,0,N/A
"February 23, 2017",California,Patterson,"100 block of Washburn Street",1,0,N/A
"February 22, 2017",Florida,Miami,"14990 NW Ninth Court",1,0,N/A
"February 22, 2017",Oklahoma,Quapaw,"East 22 Road",1,0,N/A
"February 21, 2017",Indiana,Bloomington,"South Camden Drive",1,0,N/A
"February 20, 2017",Louisiana,Harrisonburg,N/A,1,0,N/A
"February 20, 2017",Wisconsin,"Green Bay","1800 block of Harold St",1,0,N/A
"February 18, 2017",Michigan,Holton,"192nd Ave and Cleveland Rd",1,0,N/A
"February 18, 2017",Arkansas,Texarkana,"E. 50th Street",1,0,N/A
"February 16, 2017",Oklahoma,Tulsa,"1000 block of N Delaware Pl",1,0,N/A
"February 16, 2017",Texas,Houston,"1400 block of Dairy Ashford",1,0,N/A
"February 14, 2017",Indiana,Indianapolis,"3600 block of Glen Arm Rd",1,0,N/A
"February 13, 2017",Missouri,"Saint Louis (Jennings)","Minnie Ave",1,0,N/A
"February 12, 2017",Ohio,Lorain,"400 block of Iowa Ave",1,0,N/A
"February 11, 2017",Wisconsin,Kenosha,"3600 block of 48th St.",1,0,N/A
"February 11, 2017",Washington,Spanaway,"13100 block of A Street South",1,0,N/A
"February 7, 2017","North Dakota",Edgeley,N/A,1,0,N/A
"February 6, 2017",Georgia,"Fort Valley","1103 E Church St",1,0,N/A
"February 5, 2017",Georgia,Danielsville,"Peaceful Ln",1,0,N/A
"February 4, 2017",Texas,Austin,"1500 W William Cannon Dr",1,0,N/A
"February 4, 2017",Florida,Jacksonville,"700 N Lincoln St",1,1,N/A
"February 3, 2017",Massachusetts,Dudley,N/A,1,0,N/A
"February 2, 2017",Idaho,Peck,"22400 block of Big Canyon Road",1,0,N/A
"February 2, 2017","South Carolina","Myrtle Beach","Afton Court",1,0,N/A
"February 1, 2017","New Mexico",Carlsbad,"900 block of Lamont Street",1,0,N/A
"January 31, 2017",Nebraska,Omaha,"14122 Manderson Plaza",1,0,N/A
"January 30, 2017",Arkansas,Earle,"Lincoln Ave",1,0,N/A
"January 28, 2017","New Jersey","Toms River (Berkeley Township)","Locker Street",1,0,N/A
"January 26, 2017",Oregon,Portland,"7510 Southwest Aloma Way",1,0,N/A
"January 26, 2017","South Carolina",Sumter,"Somerset Drive",1,0,N/A
"January 23, 2017",Colorado,Denver,"3000 block of West Colorado Ave",1,0,N/A
"January 22, 2017",Pennsylvania,Larimer,"129 Finley St",1,0,N/A
"January 22, 2017",Kentucky,"Bowling Green","2800 Scottsville Road",1,0,N/A
"January 22, 2017","South Carolina",Elgin,"200 block of Cherrywood Dr",1,0,N/A
"January 21, 2017",Nevada,Henderson,"1071 W Sunset Rd",1,0,N/A
"January 21, 2017",Illinois,Chicago,"0 block of North Sacramento",1,0,N/A
"January 20, 2017",Florida,Auburndale,"100 block of Lakeside Hills Loop",1,0,N/A
"January 20, 2017","North Carolina",Goldsboro,"108 Dee Dee Pl",1,0,N/A
"January 19, 2017",Idaho,"Twin Falls","232 2nd Ave N",1,0,N/A
"January 15, 2017",Missouri,"Saint Louis","2000 block of N Florissant Ave",1,0,N/A
"January 15, 2017",Indiana,Greenwood,"2000 block of Jaden Lane",1,0,N/A
"January 14, 2017",California,Corona,"14995 River Road",1,0,N/A
"January 14, 2017",Tennessee,Crossville,"1000 block of Old Mail Rd",1,0,N/A
"January 14, 2017",Nevada,Reno,"1000 E 6th Street",1,0,N/A
"January 13, 2017",Ohio,Toledo,"1500 block of East Broadway St",1,0,N/A
"January 13, 2017",Missouri,Carthage,"1054 James Street",1,0,N/A
"January 12, 2017",Arizona,Tempe,"7250 S Kyrene Rd",1,0,N/A
"January 11, 2017",California,Chowchilla,"205 Alameda Avenue",1,0,N/A
"January 11, 2017",Ohio,Covington,"124 Regency Court",1,0,N/A
"January 11, 2017","North Carolina",Raleigh,"6500 block of Creedmoor Road",1,0,N/A
"January 10, 2017",Oregon,"La Pine","15000 block of Greenwood Dr",1,0,N/A
"January 9, 2017",Montana,Lolo,"10565 US 12",2,0,N/A
"January 8, 2017",Tennessee,"Cedar Hill","6110 Smith Road",1,0,N/A
"January 7, 2017","New Hampshire",Alstead,"22 March Hill Rd",1,0,N/A
"January 6, 2017",Tennessee,Jackson,"220 Vann Dr",1,0,N/A
"January 5, 2017",Virginia,Bluefield,"201 Neel St",1,0,N/A
"January 4, 2017",Ohio,"New London","3741 Prospect Rd",1,0,N/A
"January 3, 2017","North Carolina",Pinetown,"334 Main Street",1,0,N/A
"January 3, 2017","New Mexico",Albuquerque,"100 block of Cynthia Loop NW",1,0,N/A
"January 2, 2017",Wisconsin,"East Troy","Emery Court",1,0,N/A
"January 2, 2017",Oregon,Molalla,"800 block of June Dr",1,0,N/A
"January 1, 2017",Alabama,Athens,"16931 Buckskin Drive",1,0,N/A
"January 1, 2017",Nevada,"Las Vegas","3700 block of Cambridge",1,0,N/A
"December 31, 2016",Florida,"Miami (Cutler Bay)","20549 Southwest 93rd Avenue",1,0,N/A
"December 31, 2016",Texas,Houston,"4235 Oak Shadows",1,0,N/A
"December 31, 2016",Ohio,"Newton Falls","Ridge Road",1,0,N/A
"December 31, 2016",Indiana,Indianapolis,"4006 Newburgh Drive",1,0,N/A
"December 31, 2016","New Jersey",Stratford,"Union Ave",1,0,N/A
"December 31, 2016",Oregon,"Grants Pass","Robertson Bridge Rd",1,0,N/A
"December 31, 2016",Pennsylvania,Greencastle,"400 block of West Baltimore Street",1,0,N/A
"December 30, 2016",Georgia,"Webster (county)",N/A,1,0,N/A
"December 30, 2016",Mississippi,Meridian,"803 29th St",1,0,N/A
"December 30, 2016",Illinois,Chicago,"4800 block of West Ferdinand Street",1,0,N/A
"December 29, 2016",Mississippi,"Macon (Prairie Point)","Buggs Ferry Road",1,0,N/A
"December 28, 2016",Louisiana,Sterlington,"101 Lighthouse Lane",1,0,N/A
"December 28, 2016",Georgia,Valdosta,"1000 block of Cherry Creek Drive",1,0,N/A
"December 28, 2016",Maine,Sanford,"Brunell Avenue",1,0,N/A
"December 28, 2016",California,"Pittsburg (Bay Point)","2279 Willow Pass Rd",1,0,N/A
"December 27, 2016",Indiana,Elkhart,"25908 San Lu Rae Drive",1,0,N/A
"December 26, 2016","South Carolina",Andrews,"1358 Mount Pleasant Dr",1,0,N/A
"December 26, 2016","West Virginia",Princeton,"110 Erica Lane",1,0,N/A
"December 26, 2016","South Carolina",Anderson,"605 Murphy Rd",1,0,N/A
"December 25, 2016",Tennessee,"Henderson (county)","6000 block of Middleburg Road",1,0,N/A
"December 24, 2016",Louisiana,Plaquemine,N/A,1,0,N/A
"December 24, 2016",Iowa,Allison,N/A,1,0,N/A
"December 23, 2016",Texas,Palestine,"500 block of Anderson County Road 350",1,0,N/A
"December 23, 2016",Indiana,Elkhart,"29508 San Lu Rae Drive",1,0,N/A
"December 23, 2016",Ohio,Cleveland,"3811 Library Avenue",1,0,N/A
"December 22, 2016",Alabama,"Geneva (county)","County Road 41",1,0,N/A
"December 21, 2016",Arkansas,"Little Rock","2510 Romine Road",1,0,N/A
"December 21, 2016",Ohio,Columbus,"2700 block of Noe Bixby",1,0,N/A
"December 21, 2016",Michigan,Detroit,"791 Tennessee Street",1,0,N/A
"December 20, 2016",Ohio,"Grove City","4048 Parkmead Drive",1,0,N/A
"December 19, 2016",Arkansas,"Miller (county)","11000 block of Highway 71",1,0,N/A
"December 17, 2016",Mississippi,Meridian,"188 Mt. Horeb Rd",1,0,N/A
"December 17, 2016",Kansas,Wichita,"1300th block of North Erie",1,0,N/A
"December 15, 2016",Indiana,Logansport,"800 block of 21st Street",1,0,N/A
"December 15, 2016",Washington,Everett,"Cleveland Avenue",1,0,N/A
"December 14, 2016",Oklahoma,"Fort Gibson","2 Mile Road",1,0,N/A
"December 14, 2016",Illinois,Springfield,"2041 E Lawrence Ave",1,0,N/A
"December 13, 2016",Alaska,Anchorage,"5500 Lake Otis Parkway",1,0,N/A
"December 12, 2016",Michigan,Detroit,"4300 block of Tireman",1,0,N/A
"December 12, 2016","New Mexico",Farmington,"1 Rd 3959",1,0,N/A
"December 12, 2016",Indiana,Columbus,"300 block of Cleveland Street",1,0,N/A
"December 12, 2016",Texas,Austin,"501 East Stassney Lane",1,0,N/A
"December 11, 2016",Vermont,"Danby (Mount Tabor)","602 Brooklyn Road",1,0,N/A
"December 11, 2016",Ohio,"North Canton","2331 Vixen Street NW",1,0,N/A
"December 10, 2016",Missouri,"Mountain View","210 W. Second St.",1,0,N/A
"December 10, 2016",Nevada,"Las Vegas","5801 W. Lake Mead Boulevard",1,0,N/A
"December 10, 2016","South Carolina",Union,"Buffalo Street",1,0,N/A
"December 9, 2016",Florida,Pensacola,"2200 block of Brookpark Road",1,0,N/A
"December 8, 2016",Missouri,Vanduser,"Bugg Street",1,0,N/A
"December 8, 2016",Louisiana,Franklin,"600 block of Curtis Street",1,0,N/A
"December 8, 2016",Ohio,Cleveland,"2201 West 93rd Street",1,0,N/A
"December 6, 2016",Georgia,Mableton,"6660 Mableton Pkwy SE",1,0,N/A
"December 4, 2016",California,Tarzana,"Vanalden Avenue",1,0,N/A
"December 4, 2016",Ohio,Toledo,"2400 block of Seaman Street",1,0,N/A
"December 2, 2016",Virginia,Mineral,"Daniel Road",1,0,N/A
"December 2, 2016",Alabama,"Flomaton (Pollard)","Foshee Road and Highway 31",1,0,N/A
"December 2, 2016",Virginia,"Charlotte (county)","Mt. Carmel Road",1,0,N/A
"December 1, 2016","New York",Norwich,"Division Street",1,0,N/A
"November 30, 2016",Texas,Bonham,"Highway 78",0,0,N/A
"November 28, 2016",Florida,"Winter Haven","2520 US Hwy 92 West",1,0,N/A
"November 28, 2016",Texas,"Del Rio","406 W Martinez St",2,0,N/A
"November 28, 2016","New York",Busti,"Orr Street Extension and Garfield Road",1,0,N/A
"November 27, 2016",California,Chino,"5900 block of Notre Dame Avenue",1,0,N/A
"November 27, 2016","New York",Caledonia,"W River Road",1,0,N/A
"November 27, 2016",Pennsylvania,Republic,"218 Republic Rd",1,0,N/A
"November 27, 2016",Kentucky,Edmonton,"Cedar Flat Rd",1,0,N/A
"November 26, 2016",California,Antelope,"3300 block of Langley Way",1,0,N/A
"November 26, 2016",Maryland,Sabillasville,"6600 block of Eylers Valley Flint Road",1,0,N/A
"November 26, 2016",Tennessee,Niota,"County Road 278",1,0,N/A
"November 26, 2016",Ohio,"Grand Rapids","SR Route 65",1,0,N/A
"November 26, 2016",Michigan,"Branch (county)","Gunthorpe Road",1,0,N/A
"November 25, 2016","South Carolina",Gaston,"Pineturn Lane",1,0,N/A
"November 24, 2016","New York","Sandy Creek","Kehoe Road",1,0,N/A
"November 24, 2016",Florida,"Levy (county)",N/A,1,0,N/A
"November 23, 2016","West Virginia",Troy,"Highway 47 West",1,0,N/A
"November 23, 2016",Michigan,Marquette,"N 1311 County Rd KCI",1,0,N/A
"November 22, 2016",Indiana,Anderson,"1600 block of West 7th Street",1,0,N/A
"November 22, 2016",Virginia,Christiansburg,"700 block of Dabney Road",1,0,N/A
"November 22, 2016",Arkansas,"Searcy (county)",N/A,1,0,N/A
"November 20, 2016",Louisiana,"Many (Sabine)",N/A,1,0,N/A
"November 20, 2016",Virginia,"Dinwiddie (county)",I-85,1,0,N/A
"November 17, 2016","New Jersey","Trenton (Hamilton Township)","2000 block of Genesee Street",1,0,N/A
"November 16, 2016",Arkansas,Bentonville,"Punkin Hollow and Miller Church Roads",1,0,N/A
"November 15, 2016",Montana,"Park (county)","Daisy Dean Road",1,0,N/A
"November 13, 2016",Colorado,"Park (county)",N/A,1,0,N/A
"November 13, 2016",Georgia,"Jasper (county)","Highway 16",1,0,N/A
"November 13, 2016",Michigan,Ypsilanti,"212 Stevens Drive",1,0,N/A
"November 12, 2016","South Carolina",Union,"200 block of Wilson Road",1,0,N/A
"November 12, 2016",Colorado,"Grand Junction (Fruitvale)","3060 Sandpiper Avenue",1,0,N/A
"November 12, 2016",Montana,Libby,N/A,1,0,N/A
"November 12, 2016",Colorado,"La Salle","18000 block of County Road 43",1,0,N/A
"November 12, 2016",Texas,Palestine,"CR 4452",1,0,N/A